ah Anne Hughes <ah>
aigrain Philippe Aigrain <aigrain>
aki Akito Fujita <aki>
akito Akito Fujita <akito>
andrew Andrew Cherenson <andrew>
anne Anne Hughes <anne>
aoki Paul M. Aoki <aoki>
arnold Ken Arnold <arnold>
baden Scott B. Baden <baden>
bill
bloom Jim Bloom <bloom>
borman Dave Borman <borman>
bostic Keith Bostic <bostic>
bugs
bush Bill Bush <bush>
cabrera Luis Felipe Cabrera <cabrera>
cael Cael Staelin <cael>
carl Carl Smith <carl>
cda Charlotte Allen <cda>
cgd Chris G. Demetriou <cgd>
christos Christos Zoulas <christos>
claudio
clemc Clem Cole <clemc>
comay David S. Comay <comay>
conrad Conrad Huang <conrad>
cooper Eric Cooper <cooper>
corbett Bob Corbett <corbett>
corrigan Mike Corrigan <corrigan>
craig Craig Leres <craig>
csvaf Alastair Fyfe <csvaf>
csvsj Steve Jacobson <csvsj>
cuccia Nick Cuccia <cuccia>
dab Dave Borman <dab>
denise Denise Draper <denise>
dist
dkhusema Dirk Husemann <dkhusema>
dlw David Wasle <dlw>
donahn Don Ahn <donahn>
donn Donn Seeley <donn>
dpk Doug Kingston <dpk>
earl Earl Killian <earl>
ecc Eric C. Cooper <ecc>
edward Edward Wang <edward>
elan Elan Amir <elan>
elefunt
epg
eric Eric Allman <eric>
erics Eric Shienbrood <erics>
evan
feldman Brian Feldman <feldman>
fitz Dan Fitzpatrick <fitz>
fortran
fujita Akito Fujita <fujita>
garrison Phil Garrison <garrison>
glickman Matt Glickman <glickman>
gray Bob Gray <gray>
gusella Riccardo Gusella <gusella>
halbert
harrison Ken Harrison <harrison>
heideman John Heidemann <heideman>
helge Helge Skrivervik <helge>
henry Robert R. Henry <henry>
hibler Mike Hibler <hibler>
hickman Kipp Hickman <hickman>
jaap Jaap Akkerhuis <jaap>
jak John A. Kunze <jak>
jas
jerry Jerry Berkman <jerry>
jg Jim Gettys <jg>
jkf John Foderaro <jkf>
johnh John Heidemann <johnh>
karels Mike Karels <mike>
kas Kurt Shoens <kas>
kfall Kevin Fall <kfall>
kjd Kevin Dunlap <kjd>
kre Robert Elz <kre>
kridle Bob Kridle <kridle>
kupfer Michael Kupfer <kupfer>
kurt Kurt Shoens <kurt>
lam Karen Lam <lam>
layer Kevin Layer <layer>
lepreau Jay Lepreau <lepreau>
leres Craig Leres <leres>
libs
linton Mark Linto <linton>
macklem Rick Macklem <macklem>
mao Mike A. Olson <mao>
marc Marc Teitelbaum <marc>
margo Margo Seltzer <margo>
mark Mark Horton <mark>
mccanne Steven McCanne <mccanne>
mcilroy Peter McIlroy <mcilroy>
mckusic Kirk McKusick <mckusick>
mckusick Kirk McKusick <mckusick>
minshall Gregory Minshall <minshall>
miriam Miriam Amos <miriam>
mis Mark Seiden <mis>
mkm Kirk McKusick <mkm>
mo Mike O'Dell <mo>
mosher David A. Mosher <mosher>
muller Keith Muller <muller>
nicklin Peter J. Nicklin <nicklin>
opcode Mark Opperman <opcode>
orange Carol Orange <orange>
pauline Pauline Schwartz <pauline>
pc Peter Collinson <pc>
pendry Jan-Simon Pendry <pendry>
peter Peter B. Kessler <peter>
phil Phil Lapsley <phil>
presott Dave Presotto <presott>
presotto Dave Presotto <presotto>
pugs Tom Lyon <pugs>
ralph Ralph Campbell <ralph>
rick Rick Adams <rick>
root Charlie Root <root>
rrh Robert R. Henry <rrh>
rt
rwh Robert W. Henry <rwh>
sagersa Alex Sagers <sagersa>
sam Sam Leffler <sam>
samples Dain Samples <samples>
sechrest Stuart Sechrest <sechrest>
sellgren Steve Sellgren <sellgren>
serge Serge Granik <serge>
shannon Bill Shannon <shannon>
shantz Mike Schantz <shantz>
sklower Keith Sklower <sklower>
slatteng Dave Slattengren <slatteng>
staelin Carl Staelin <staelin>
tapers
tef Thomas Ferrin <tef>
thien Roger J. Thien <thien>
torek Chris Torek <torek>
toy Michael Toy <toy>
trent Trent Hein <trent>
tut Bill Tuthill <tut>
utashiro Kazumasa Utashiro <utashiro>
van Van Jacobson <van>
vern Vern Paxson <vern>
vjs Vernon Schryver <vjs>
wall Steve Wall <wall>
walsh Dan Walsh <walsh>
william William Jolitz <william>
wnj Bill Joy <wnj>
zliu Zhishun Alex Liu <zliu>
